Team,Rank,Conference,D1_Games,Record,AdjOE,AdjDE,Avg_D1_Win_Chance,EFG_Pct,DEFG_Pct,TO_Pct,DTO_Pct,ORB_Pct,DRB_Pct,FTR,DFTR,Two_Pct,DTwo_Pct,Three_Pct,DThree_Pct,Three_Rate,DThree_Rate,ADJ_T,Wins_Above_Bubble
"Villanova2 seed,CHAMPS",1,BE,40,35-5,124.02,92.06,.96881,56.18,46.741,16.355,20.640,28.2224,29.4148,34.1241,30.044,57.42,44.123,36.2102,33.9131,42.731,37.4262,65.8289,+9.02
"Kansas1 seed,Elite Eight",2,B12,37,32-5,121.68,91.44,.96392,55.710,45.116,17.8151,18.5145,32.285,27.986,38.6113,37.3180,52.732,43.418,41.35,32.560,32.8234,32.579,69.2113,+11.41
"Virginia1 seed,Elite Eight",3,ACC,37,29-8,120.89,92.17,.95743,54.817,48.494,15.113,18.8126,29.9162,25.217,32.1289,33.494,52.634,46.372,40.39,34.7168,28.3322,36.7229,60.9351,+8.73
"North Carolina1 seed,Finals",4,ACC,40,33-7,124.31,96.127,.95074,52.653,48.183,15.421,18.2165,40.73,30.0183,32.3280,30.450,53.921,44.634,32.7255,36.2256,26.7338,35.6180,70.857,+8.54
"Kentucky4 seed, R32",5,SEC,36,27-9,123.93,96.330,.94775,53.539,44.56,16.249,18.0178,37.512,31.9275,37.8140,40.8265,52.929,42.711,36.674,32.664,31.0273,29.618,67.3215,+5.014
"Michigan St.2 seed, R64",6,B10,35,29-6,123.44,97.139,.94056,56.37,43.33,17.6133,14.2343,37.116,24.37,30.0327,34.1109,51.464,41.76,43.41,31.017,35.6163,32.579,66.7250,+7.47
"West Virginia3 seed, R64",7,B12,35,26-9,115.726,91.65,.93617,49.8174,48.494,20.0291,25.02,42.01,27.160,46.25,55.3351,50.3103,47.7120,32.5266,33.185,30.6276,36.3210,70.087,+7.38
"Oklahoma2 seed,Final Four",8,B12,37,29-8,119.112,94.517,.93478,54.322,47.255,18.3193,17.7198,31.2123,30.5210,33.0269,28.329,48.2199,45.347,42.22,33.7114,40.759,35.7185,69.989,+7.95
"Purdue5 seed, R64",9,B10,35,26-9,118.119,94.415,.92989,53.635,44.34,17.7139,13.7348,35.030,23.43,35.4205,28.126,52.831,42.916,36.769,31.430,35.8160,33.196,68.0175,+4.515
"Wichita St.11 seed, R32",10,MVC,34,25-9,111.171,89.01,.927710,48.9221,44.710,14.79,23.25,31.7105,23.64,37.4154,45.4327,49.2147,42.18,32.3275,32.769,38.1104,37.0241,65.9284,+0.2847
Louisville,11,ACC,31,23-8,112.457,90.72,.921611,51.977,44.710,17.1100,21.614,38.58,29.2137,31.8294,40.5261,51.955,42.812,34.7165,32.144,29.0311,35.3171,66.3266,+4.316
"Gonzaga11 seed,Sweet Sixteen",12,WCC,35,27-8,118.417,95.625,.921112,55.213,44.812,17.1100,15.1328,32.190,26.035,34.4233,28.126,54.316,44.427,37.842,30.38,35.6163,32.784,67.3218,+2.231
"Xavier2 seed, R32",13,BE,34,28-6,117.820,95.324,.919313,51.4105,47.873,17.4117,19.393,35.228,26.035,41.752,33.6104,49.8122,48.6157,36.390,31.120,34.2208,40.5318,71.543,+7.76
"Miami FL3 seed,Sweet Sixteen",14,ACC,35,27-8,120.310,97.749,.916514,54.223,48.390,16.569,17.4216,30.1158,29.5156,40.777,29.136,53.225,46.990,37.545,34.4155,33.9213,30.425,66.1271,+6.99
"Indiana5 seed,Sweet Sixteen",15,B10,35,27-8,122.15,99.573,.913615,58.71,49.8167,19.6272,18.9117,37.215,29.2137,33.9246,30.249,56.16,49.0180,41.64,34.3148,40.856,31.242,68.6143,+3.325
"Oregon1 seed,Elite Eight",16,P12,37,30-7,119.111,97.140,.912716,52.360,48.9113,16.144,20.254,34.145,30.5210,40.385,32.074,52.634,46.166,34.4177,36.2256,34.3204,34.1120,68.1166,+6.710
"Vanderbilt11 seed, R68",17,SEC,33,19-14,115.229,94.313,.909617,52.948,43.12,16.883,14.2343,27.2253,29.3142,39.892,34.4116,50.1108,42.610,38.228,29.42,38.0106,30.631,67.7186,-0.3867
"Texas A&M3 seed,Sweet Sixteen",18,SEC,37,28-9,113.939,93.310,.908418,51.2114,47.462,17.4117,20.737,34.832,29.2137,38.1131,32.377,51.367,45.654,34.1192,33.396,37.3117,40.1314,67.5206,+5.113
"Duke4 seed,Sweet Sixteen",19,ACC,36,25-11,121.97,100.082,.907519,53.734,49.5140,14.34,17.4216,33.258,34.7333,40.679,25.310,51.078,48.9175,38.523,34.0136,39.967,29.618,67.8184,+4.217
"Iowa St.4 seed,Sweet Sixteen",20,B12,35,23-12,122.16,100.287,.906820,57.15,49.8167,15.730,16.8258,26.2281,30.1190,26.1349,24.96,56.74,49.5204,38.720,33.5107,35.1178,35.6180,71.547,+3.521
"Arizona6 seed, R64",21,P12,34,25-9,116.822,96.836,.896821,53.635,46.228,18.2182,16.0294,35.030,24.912,43.820,29.337,52.248,45.757,38.136,31.634,29.4305,31.344,68.2164,+3.523
"California4 seed, R64",22,P12,34,23-11,113.245,93.912,.896422,52.261,44.34,17.7139,14.1346,32.477,25.319,41.752,37.5184,51.174,41.52,36.390,34.7168,33.7219,26.54,67.9178,+2.329
"Seton Hall6 seed, R64",23,BE,34,25-9,111.563,92.58,.895623,49.8174,45.418,19.4259,19.582,34.738,30.8229,40.483,33.8106,48.8166,44.325,34.7165,31.735,29.7298,33.093,69.5100,+5.312
SMU,24,Amer,30,25-5,118.218,98.053,.895424,55.312,46.635,18.8223,18.3160,41.22,28.5115,33.8251,30.450,52.541,44.634,42.03,33.185,26.8336,40.0313,65.7291,+3.719
"Iowa7 seed, R32",25,B10,33,22-11,115.627,96.835,.885225,51.3108,48.080,14.811,18.8126,31.998,31.3254,33.0269,25.07,48.7172,48.7163,37.446,31.326,35.5168,38.2276,68.9124,+2.034

"Butler9 seed, R32",26,BE,33,22-11,119.113,99.879,.884426,52.653,49.7162,14.57,18.6137,32.285,27.571,39.3102,35.8146,49.9118,49.1187,39.314,33.8124,30.5279,36.3210,68.3161,+2.132
Saint Mary's,27,WCC,34,28-6,118.616,99.676,.881527,58.43,46.228,15.421,15.5320,29.8164,26.751,29.0335,24.13,56.45,44.840,41.06,32.769,38.885,31.648,61.6347,+2.133
"Maryland5 seed,Sweet Sixteen",28,B10,35,26-9,116.024,97.545,.880028,55.213,46.532,18.9232,16.4277,29.1189,29.9180,37.0164,27.014,55.87,45.550,36.2102,32.144,38.399,35.1159,67.1233,+4.018
"Syracuse10 seed,Final Four",29,ACC,37,23-14,112.555,94.721,.878629,50.0161,47.359,18.1176,20.447,33.551,35.3337,35.4205,28.023,47.2230,48.1132,36.0113,30.713,42.140,39.7308,64.6325,-0.3066
"VCU10 seed, R32",30,A10,36,25-11,112.949,95.223,.877330,51.0127,49.2127,16.355,21.418,33.258,27.778,32.2286,36.8170,50.1108,48.6157,35.2146,33.7114,33.3226,30.324,69.4107,+0.0354
"Utah3 seed, R32",31,P12,35,26-9,116.523,98.457,.875231,55.115,48.080,18.2182,15.3323,29.2185,27.882,37.9137,23.01,55.58,44.532,36.390,37.1297,37.3117,31.958,66.0278,+5.711
"Baylor5 seed, R64",32,B12,33,21-12,118.915,100.5100,.873432,51.695,51.2235,18.6211,19.869,40.04,28.8122,38.6113,38.6213,49.8122,49.1187,37.446,36.9286,28.4321,33.8108,66.5257,+3.522
"Connecticut9 seed, R32",33,Amer,36,25-11,111.465,94.620,.867433,51.599,44.56,16.355,18.2165,28.6207,29.1135,29.6331,35.4135,49.9118,42.07,36.577,32.664,33.6223,36.2206,65.9280,+1.238
Florida,34,SEC,36,21-15,110.878,94.314,.863934,48.5234,46.741,16.042,18.6137,32.965,29.5156,39.599,35.7141,48.9163,44.427,31.9292,34.3148,37.0130,32.269,69.0123,+0.1251
"Pittsburgh10 seed, R64",35,ACC,32,20-12,114.931,97.952,.863135,51.1122,50.0177,17.5126,16.9253,36.918,27.571,36.1187,32.479,50.499,48.4148,35.0154,35.4210,30.6276,34.4131,65.4305,+1.836
"Cincinnati9 seed, R64",36,Amer,33,22-11,111.073,94.619,.861936,49.3199,45.623,16.355,20.349,36.720,30.6215,33.2265,27.014,47.7214,41.31,34.8159,35.7233,36.6142,35.2165,65.1313,+0.3645
"Saint Joseph's8 seed, R32",37,A10,36,28-8,115.130,98.759,.854837,51.2114,48.183,14.34,16.1287,28.3218,25.830,37.4154,25.07,52.345,49.2194,32.7255,31.120,35.6163,41.5333,70.086,+3.620
Creighton,38,BE,35,20-15,113.741,97.444,.854838,53.832,49.0118,16.144,17.5210,27.3250,26.138,37.5151,33.598,54.514,47.5109,35.2146,34.6163,38.689,33.8108,70.470,-1.992
"Texas6 seed, R64",39,B12,33,20-13,112.851,97.138,.849539,49.4193,47.769,15.421,18.5145,30.7134,32.0281,39.599,38.4203,48.5179,45.861,34.1192,34.5159,36.2151,32.990,65.4303,+3.126
Valparaiso,40,Horz,35,28-7,107.5124,92.89,.844740,50.7131,44.56,19.0241,18.5145,35.228,24.810,35.1215,38.7219,48.3192,41.52,36.577,33.9131,38.2101,32.579,66.6254,+0.642
"Wisconsin7 seed,Sweet Sixteen",41,B10,35,22-13,109.593,94.518,.844441,48.5234,48.183,17.1100,18.6137,33.160,27.778,38.0133,33.6104,46.6252,44.840,34.9157,37.4305,34.2208,29.014,63.2342,+0.4944
George Washington,42,A10,38,28-10,115.925,100.184,.843842,50.8129,48.7105,16.569,17.5210,34.442,27.986,39.1106,27.014,48.4187,48.2139,37.158,33.081,33.1229,35.7185,66.3264,-0.771
Georgia Tech,43,ACC,36,21-15,114.732,99.472,.838643,49.8174,49.1124,16.779,14.6337,37.512,27.262,31.7295,31.765,48.4187,49.5204,35.7125,32.041,27.8327,30.527,66.9237,-0.0163
San Diego St.,44,MWC,36,26-10,105.0165,91.33,.833444,47.2283,42.51,18.4196,18.0178,33.948,27.262,42.538,31.361,46.3261,41.64,32.6261,29.42,32.8234,35.2165,65.0317,+0.2149
Kansas St.,45,B12,33,17-16,109.396,95.122,.833445,47.6269,49.0118,20.3300,20.832,37.017,31.0236,42.538,40.4259,48.7172,50.4244,30.0334,31.017,31.1267,36.3210,66.7248,-1.488
"USC8 seed, R64",46,P12,34,21-13,114.533,99.880,.830246,52.261,47.359,16.675,16.7261,32.190,31.6264,35.1215,28.329,49.4138,46.683,38.720,32.560,32.2248,34.5137,71.253,+0.2348
"Providence9 seed, R32",47,BE,35,24-11,110.384,96.329,.827047,48.0251,49.3133,16.144,20.640,30.4146,30.3200,37.3158,28.023,48.0204,49.8218,32.1283,32.352,37.1127,33.196,68.4152,+3.324
"Stephen F. Austin14 seed, R32",48,Slnd,30,24-6,111.072,97.037,.825148,54.817,49.5140,17.7139,25.91,33.551,30.7224,34.3238,40.2254,54.514,49.7215,36.963,32.877,36.8140,30.732,67.3216,-1.181
BYU,49,WCC,36,25-11,113.047,99.167,.819149,52.948,48.390,15.831,17.8190,31.2123,25.217,35.3209,31.970,50.2106,47.093,38.424,33.7114,36.6142,37.9271,73.510,-1.486
"Yale12 seed, R32",50,Ivy,29,22-7,110.088,96.532,.818850,52.261,46.741,19.9284,17.8190,39.35,24.37,41.752,33.393,51.464,45.550,36.0113,32.769,31.1267,34.3125,65.8285,+0.1052

"Notre Dame6 seed,Elite Eight",51,ACC,36,24-12,119.014,104.4170,.817551,54.029,49.5140,15.318,14.8334,32.770,32.1285,32.9273,26.011,52.929,46.580,37.446,36.9286,34.3204,34.4131,64.6328,+2.328
"Michigan11 seed, R64",52,B10,35,22-13,114.237,100.393,.816552,54.520,51.4244,14.57,17.9187,24.8313,26.447,27.8343,27.014,52.634,51.1264,38.039,34.7168,44.318,36.4215,65.4301,+0.940
Clemson,53,ACC,31,17-14,112.852,99.168,.815753,50.6137,47.976,15.831,18.0178,30.3153,30.3200,33.3263,28.532,49.1152,45.550,35.2146,34.9181,39.273,34.0117,63.6339,-2.497
"Texas Tech8 seed, R64",54,B12,32,19-13,113.742,100.083,.813454,50.0161,49.6153,17.8151,19.0108,31.3119,32.3290,42.242,32.986,49.2147,47.2101,34.6170,35.6225,30.4280,37.8267,66.3263,+1.337
"Dayton7 seed, R64",55,A10,33,25-8,106.3148,93.611,.811755,51.695,46.949,18.6211,18.0178,28.7202,24.26,40.875,32.883,51.561,43.721,34.4177,34.9181,35.0184,36.8233,67.6197,+2.627
"Northern Iowa11 seed, R32",56,MVC,35,22-13,110.780,97.647,.808856,53.244,48.7105,15.216,18.5145,17.7351,27.469,34.1241,24.85,51.367,48.9175,37.252,32.456,42.731,39.1292,62.8346,-2.095
South Carolina,57,SEC,33,24-9,108.9106,96.331,.804257,48.5234,47.462,18.9232,20.544,37.512,29.5156,43.228,38.2200,46.6252,42.916,35.4138,35.8239,29.7298,41.2330,70.374,+1.835
"Colorado8 seed, R64",58,P12,33,21-12,108.6109,96.228,.802058,48.4240,46.845,18.8223,15.4321,34.832,24.810,40.580,35.7141,43.9331,44.325,38.622,35.3203,32.1249,28.812,69.0122,+0.741
Florida St.,59,ACC,34,20-14,113.048,100.288,.799359,51.882,50.9215,18.0167,18.9117,32.866,28.3103,37.8140,36.7167,52.149,48.9175,34.1192,36.2256,31.6259,37.0241,71.836,+0.1550
"Hawaii13 seed, R32",60,BW,32,26-6,107.8116,96.026,.792160,51.977,44.914,18.1176,19.869,30.4146,26.447,45.49,40.2254,54.120,44.840,32.2278,30.05,38.885,33.7106,70.562,+1.039
Georgetown,61,BE,33,15-18,111.761,99.674,.788361,51.2114,46.635,19.1244,16.3283,28.3218,28.4106,37.9137,49.3344,51.464,44.123,33.9207,34.9181,41.451,31.038,68.0176,-4.2114
Princeton,62,Ivy,28,21-7,113.046,100.9106,.787862,54.223,49.2127,16.249,18.2165,28.0232,26.343,33.9246,31.159,52.051,47.6115,38.136,35.4210,42.239,28.410,68.6139,+0.0753
Washington,63,P12,34,19-15,110.974,99.270,.782763,48.1247,47.976,17.4117,20.544,33.454,35.7338,41.268,44.6319,47.3228,47.2101,33.1245,33.185,33.2227,29.417,77.32,-2.296
"Oregon St.7 seed, R64",64,P12,31,18-13,110.977,99.269,.782664,49.8174,49.5140,16.675,19.582,29.0195,32.2287,36.8174,39.3232,46.9245,50.0224,37.446,32.456,31.7258,38.9288,67.1231,+0.3246
Georgia,65,SEC,34,20-14,109.0103,97.646,.781665,48.1247,45.519,19.2247,15.6316,32.477,29.8174,43.523,41.1273,44.8314,42.812,36.865,33.185,31.6259,39.6306,67.0236,-0.874
"Little Rock12 seed, R32",66,SB,33,28-5,108.6108,97.342,.781066,51.977,45.924,15.627,21.025,26.7268,29.5156,31.5301,38.3201,48.9163,45.757,38.228,30.914,35.0184,40.2315,62.9345,+2.230
Virginia Tech,67,ACC,35,20-15,110.386,98.861,.778767,50.0161,49.0118,18.0167,17.9187,30.3153,31.8273,49.41,33.598,49.1152,50.1230,34.8159,31.326,29.4305,37.1247,69.696,-0.4968
UCLA,68,P12,32,15-17,112.456,100.9108,.774968,50.3147,49.7162,16.990,16.1287,32.866,30.4204,32.3280,33.9107,48.8166,47.6115,36.390,35.4210,27.3330,37.8267,69.5103,-3.8110
Houston,69,Amer,32,22-10,117.121,105.5192,.767469,52.261,47.359,15.421,18.4154,35.826,33.3310,34.4233,36.0154,52.149,48.3143,34.8159,30.38,32.1249,34.9150,66.4259,-1.183
LSU,70,SEC,33,19-14,112.554,101.5116,.766070,51.1122,51.8265,16.249,18.8126,29.8164,29.9180,43.033,33.494,52.051,51.3270,32.7255,35.0188,31.2264,37.1247,72.029,-1.891
Northwestern,71,B10,32,20-12,110.976,100.290,.762071,52.555,46.532,15.831,16.4277,30.5143,28.3103,28.4338,35.0126,51.660,43.418,35.8121,34.5159,41.746,36.9236,63.6338,-1.993
Marquette,72,BE,33,20-13,109.792,99.675,.750772,52.071,48.7105,20.0291,19.0108,28.1225,30.7224,40.580,28.023,52.444,47.2101,33.9207,34.3148,30.3282,34.6140,70.471,-1.078
Arkansas,73,SEC,32,16-16,110.385,100.289,.750373,49.7182,49.8167,15.318,19.677,30.9129,30.1190,37.6148,42.9301,46.1271,47.7120,39.712,35.9241,27.3330,34.9150,70.185,-4.6118
Mississippi,74,SEC,32,20-12,111.860,101.7122,.748074,48.1247,49.7162,17.1100,20.159,34.639,31.1241,41.366,40.7264,46.5255,47.4108,33.8215,35.5221,38.982,38.5282,68.5146,-1.487
N.C. State,75,ACC,33,16-17,114.236,104.1164,.744775,48.5234,50.6199,16.144,15.0331,36.323,30.4204,38.9109,29.740,46.9245,47.5109,34.8159,37.4305,29.8297,36.5220,67.6194,+0.0056

Memphis,76,Amer,34,19-15,106.8133,97.341,.744776,46.1306,44.914,16.463,18.9117,32.477,29.6162,41.948,38.4203,45.1303,44.634,32.4272,30.511,29.9295,32.373,73.511,-5.5131
Evansville,77,MVC,33,24-9,107.2129,97.851,.742377,53.441,45.924,18.2182,18.4154,24.5317,25.014,46.94,29.438,53.225,44.427,35.9115,32.664,25.2346,32.059,68.6138,-1.385
"Tulsa11 seed, R68",78,Amer,32,20-12,110.481,100.7104,.741178,50.3147,48.289,15.627,20.447,28.0232,30.5210,39.695,34.6120,51.174,45.044,32.6261,35.9241,36.3149,36.9236,68.5149,-1.182
Rhode Island,79,A10,32,17-15,108.6110,99.271,.738479,50.4145,47.667,17.5126,18.8126,30.6140,26.343,37.6148,39.6238,48.3192,46.683,36.577,33.396,33.1229,29.618,64.8323,-5.8135
"South Dakota St.12 seed, R64",80,Sum,32,24-8,111.564,102.0128,.736180,51.3108,48.080,17.1100,17.2231,32.477,25.521,40.288,40.2254,49.7128,47.196,36.1108,33.396,37.2124,32.889,68.3162,-1.079
Mississippi St.,81,SEC,31,14-17,109.594,100.286,.735881,51.787,48.9113,18.0167,18.5145,29.7168,32.9303,29.5333,36.3158,52.634,47.5109,33.4230,34.3148,36.2151,33.9114,69.3111,-6.2149
UC Irvine,82,BW,36,26-10,106.5139,97.748,.731082,51.1122,44.69,18.2182,17.4216,29.1189,28.2100,35.1215,34.7122,49.3142,41.64,36.769,33.295,30.7275,36.9236,67.2226,-0.772
Ohio St.,83,B10,35,21-14,106.5142,97.750,.728783,49.4193,46.635,18.8223,17.1240,30.2157,29.1135,36.0193,30.450,49.0158,44.532,33.4230,33.4103,32.8234,37.1247,67.6191,-1.080
Alabama,84,SEC,33,18-15,106.1152,97.443,.727884,49.6187,46.635,19.9284,18.2165,28.3218,34.6330,40.777,39.1230,48.5179,45.145,33.9207,32.980,43.624,34.2122,64.8320,-0.670
"Temple10 seed, R64",85,Amer,33,21-12,107.2130,98.658,.724085,47.0290,46.431,13.82,16.2284,29.1189,29.7168,26.6348,28.733,44.9310,46.372,33.7219,31.223,37.5115,32.269,65.6296,-0.0464
Akron,86,MAC,34,25-9,109.889,101.2113,.719986,52.751,46.845,15.526,16.7261,28.5210,30.4204,30.6320,32.479,48.0204,47.5109,38.228,30.17,50.92,32.990,67.4212,-1.284
UC Santa Barbara,87,BW,32,18-14,107.3126,98.963,.719487,50.3147,46.741,18.5200,17.5210,28.8197,27.986,27.4344,41.8285,48.4187,47.8124,35.8121,30.05,36.1157,40.9328,66.7249,-4.7120
Boise St.,88,MWC,30,18-12,109.1101,100.7102,.715788,51.787,52.0275,16.463,20.254,27.2253,25.521,40.972,36.8170,53.723,50.9257,32.6261,36.0252,42.534,37.3257,69.4108,-3.5106
William & Mary,89,CAA,29,18-11,113.344,104.6174,.715389,54.916,49.5140,15.937,15.3323,25.8292,27.262,36.6177,27.921,54.812,49.4200,36.769,33.185,37.7110,40.5318,68.3158,-3.6107
Oklahoma St.,90,B12,32,12-20,106.3149,98.154,.714890,48.3243,47.151,19.1244,17.5210,28.8197,32.3290,38.3124,40.9268,47.8210,44.738,32.8251,34.2143,36.6142,35.7185,64.2334,-6.8158
St. Bonaventure,91,A10,31,22-9,114.138,105.4189,.714291,51.599,49.6153,16.569,19.0108,31.3119,33.4311,37.5151,37.4182,48.8166,50.5248,37.350,32.144,37.6111,37.6263,68.0173,+0.0255
"UNC Wilmington13 seed, R64",92,CAA,31,23-8,110.482,101.9127,.713892,51.2114,47.565,15.937,19.965,32.190,30.1190,35.6200,55.2350,51.078,46.166,34.4177,33.9131,33.6223,28.511,70.465,-0.669
"Cal St. Bakersfield15 seed, R64",93,WAC,30,21-9,104.6169,96.633,.713693,49.3199,45.217,18.2182,21.517,34.145,29.7168,38.0133,42.1289,48.5179,42.812,34.3184,33.4103,27.1334,33.298,67.5202,-3.4104
Richmond,94,A10,32,16-16,113.543,105.0179,.710194,54.719,50.9215,14.79,18.2165,23.2331,31.7267,35.2212,36.1156,55.49,49.4200,35.6128,36.0252,36.5146,32.477,68.3160,-5.4129
Old Dominion,95,CUSA,38,25-13,106.6138,98.760,.706595,47.9256,45.519,14.46,17.2231,36.622,27.160,31.0311,35.8146,48.7172,44.427,30.1331,31.532,23.7351,36.5220,61.2349,-6.3151
Nebraska,96,B10,34,16-18,109.791,101.7121,.706496,50.3147,50.1183,17.4117,19.774,31.8103,28.192,32.6275,39.7241,49.4138,47.5109,34.7165,36.7280,32.1249,34.0117,67.3221,-5.5130
Tennessee,97,SEC,34,15-19,111.366,103.2147,.705697,48.0251,48.5100,15.831,17.3225,32.190,34.5327,34.1241,37.3180,47.4224,47.196,32.7255,34.2143,36.2151,34.9150,69.1119,-5.8136
Arizona St.,98,P12,32,15-17,109.0102,101.1111,.705198,48.1247,52.0275,17.1100,18.3160,31.5112,27.882,37.8140,38.1198,46.6252,51.4274,33.6223,35.4210,39.470,34.9150,68.0172,-4.1113
Long Beach St.,99,BW,33,18-15,108.9105,101.0110,.704399,49.7182,51.1229,17.4117,19.869,27.7243,30.6215,37.6148,38.7219,46.4259,50.3242,36.769,35.0188,37.9109,36.1204,70.088,-2.999
Monmouth,100,MAAC,36,28-8,106.6135,98.964,.7033100,49.9166,46.126,16.569,20.159,28.6207,30.7224,38.4118,37.2178,47.2230,45.347,36.674,31.430,34.8190,41.8337,72.716,-0.0565

Oakland,101,Horz,35,23-12,115.528,107.2219,.7031101,53.145,49.6153,15.216,16.5271,31.2123,29.5156,41.850,32.176,49.3142,48.1132,39.811,34.9181,36.3149,35.1159,73.69,-3.3102
Wake Forest,102,ACC,31,11-20,107.7119,100.598,.6887102,49.4193,49.5140,20.1295,15.2326,32.770,31.2245,43.228,38.6213,50.499,49.2194,31.6303,33.4103,34.3204,32.682,71.545,-6.2148
James Madison,103,CAA,31,20-11,106.8132,99.878,.6870103,51.695,45.519,17.2108,15.4321,29.5178,27.058,37.0164,37.0174,50.984,47.3106,35.0154,28.71,42.043,42.5341,66.8247,-4.2116
UT Arlington,104,SB,34,23-11,106.6136,99.777,.6847104,49.2206,47.050,18.7220,20.159,36.323,26.240,34.4233,43.3306,49.5131,44.427,32.5266,33.7114,42.043,41.5333,72.324,-3.7108
"Iona13 seed, R64",105,MAAC,33,22-11,110.287,103.0142,.6834105,53.832,48.8109,17.6133,19.295,29.2185,31.0236,32.4279,36.3158,52.541,46.064,37.059,35.8239,44.021,36.0200,71.737,-3.3103
Hofstra,106,CAA,33,23-10,111.170,104.0160,.6822106,51.4105,49.9173,16.779,16.4277,31.998,30.0183,39.599,24.02,50.1108,48.3143,35.6128,35.3203,39.967,33.8108,69.5104,-1.589
New Mexico,107,MWC,32,17-15,109.0104,102.2133,.6766107,52.071,48.5100,21.0323,17.0246,30.5143,28.6117,43.917,37.1176,51.078,48.4148,36.390,32.560,30.3282,39.7308,70.956,-6.7155
Stanford,108,P12,29,14-15,107.7120,101.0109,.6758108,47.5272,52.0275,17.5126,19.869,30.8132,32.1285,45.310,39.9248,47.4224,49.9219,31.8296,36.9286,32.4243,38.6285,65.8287,-2.698
Davidson,109,A10,32,19-13,113.940,107.0213,.6715109,52.071,52.0275,14.23,15.8307,24.9307,30.8229,32.3280,30.654,51.174,52.2301,35.5134,34.3148,44.220,34.6140,70.467,-2.094
"Fresno St.14 seed, R64",110,MWC,33,23-10,107.2127,101.1112,.6622110,48.4240,48.8109,15.113,21.025,30.0160,29.7168,37.7144,46.4330,47.0239,48.4148,34.4177,33.081,30.3282,39.3298,68.9126,-0.773
Columbia,111,Ivy,33,23-10,112.950,106.9212,.6524111,53.539,51.5250,15.937,19.0108,28.5210,26.954,37.9137,34.6120,50.597,50.2234,38.136,35.7233,44.917,38.5282,65.0315,-4.1112
New Mexico St.,112,WAC,32,21-11,102.1211,96.834,.6505112,50.2152,44.812,20.2296,16.2284,36.025,25.115,36.9169,28.431,50.788,42.39,32.5266,33.5107,28.1325,31.446,65.5298,-4.0111
"Stony Brook13 seed, R64",113,AE,31,24-7,105.7157,100.392,.6466113,52.261,47.667,17.3112,18.4154,34.832,26.035,32.2286,27.620,50.788,45.861,37.252,34.1140,28.8316,34.4131,66.9242,-1.077
UNLV,114,MWC,31,16-15,104.0179,99.065,.6380114,49.7182,47.151,18.9232,19.582,28.3218,30.6215,40.972,40.1250,50.1108,46.166,32.8251,32.769,38.494,32.059,72.717,-6.2147
Illinois St.,115,MVC,31,17-14,104.0180,99.066,.6362115,47.7262,48.494,18.5200,20.544,30.0160,28.2100,30.9313,38.4203,46.2267,48.7163,33.3237,31.939,38.689,36.6224,67.4210,-5.4128
"Chattanooga12 seed, R64",116,SC,33,27-6,106.6137,101.8125,.6296116,51.787,50.5195,18.0167,20.254,32.383,29.0129,41.656,30.957,50.788,50.5248,35.6128,33.7114,36.9136,36.0200,66.4261,+0.643
Louisiana Monroe,117,SB,32,18-14,107.7118,103.0139,.6261117,50.6137,47.565,18.2182,17.0246,31.5112,31.6264,32.2286,33.089,50.0115,46.683,34.5174,32.769,32.8234,38.0272,65.7292,-6.1142
"Middle Tennessee15 seed, R32",118,CUSA,33,23-10,104.8167,100.394,.6236118,51.787,49.4137,17.1100,19.487,28.7202,25.729,34.9220,42.4293,47.8210,48.0130,39.216,34.7168,35.6163,34.3125,67.6199,-3.0100
Milwaukee,119,Horz,31,18-13,112.059,107.3222,.6207119,52.850,51.4244,15.831,15.6316,27.1257,25.625,38.3124,29.639,51.955,48.7163,35.9115,38.3331,45.212,31.038,66.2267,-6.6154
Toledo,120,MAC,31,16-15,108.8107,104.4171,.6164120,52.751,51.0223,16.675,17.3225,27.9237,24.69,34.3238,28.835,51.759,46.683,36.390,38.9341,38.0106,37.1247,69.1118,-9.6200
UAB,121,CUSA,32,25-7,109.298,104.7175,.6164121,53.635,48.6102,17.8151,18.0178,32.477,30.4204,33.4261,29.842,52.634,48.1132,37.059,33.185,34.6196,35.6180,68.1169,-0.975
Utah St.,122,MWC,29,14-15,111.268,107.1218,.6071122,52.261,51.1229,17.5126,16.5271,29.2185,28.7120,33.6255,33.292,49.2147,50.1230,37.941,35.2197,38.885,36.6224,66.8245,-7.3165
Belmont,123,OVC,31,19-12,114.534,110.3279,.6063123,58.62,50.8207,19.3254,16.5271,26.4278,30.9233,34.5229,37.1176,62.61,49.5204,36.484,35.4210,50.44,34.8147,71.835,-4.7121
Northeastern,124,CAA,32,17-15,107.2128,103.2149,.6061124,51.787,51.7260,18.2182,17.2231,25.9289,28.8122,38.7110,27.921,48.5179,52.0295,37.252,33.9131,43.028,33.5103,65.3307,-6.9160
Ohio,125,MAC,34,22-12,111.662,107.5225,.6058125,54.223,49.6153,16.990,14.5339,24.9307,25.830,37.4154,33.598,52.345,47.196,38.228,36.4264,38.494,33.5103,69.890,-5.2127

Louisiana,126,SB,32,17-15,109.890,106.2201,.5961126,48.8224,49.9173,17.5126,16.5271,37.711,26.447,42.242,35.5137,49.9118,47.093,31.1309,37.8319,33.9213,30.222,70.473,+0.0056
Illinois,127,B10,34,15-19,106.5143,103.1145,.5911127,50.2152,53.6322,14.912,19.0108,21.5344,28.192,30.5322,26.512,47.5222,51.0261,36.390,38.6334,38.399,38.4278,68.1165,-7.1164
Charleston,128,CAA,30,16-14,97.5302,94.516,.5906128,47.4278,48.183,19.5265,21.614,30.4146,26.954,32.8274,43.1304,45.6286,48.2139,34.0204,32.041,34.4202,34.6140,64.1335,+0.0056
Wright St.,129,Horz,33,20-13,101.2234,98.255,.5857129,51.4105,48.6102,16.569,20.640,19.1348,25.521,33.0269,48.3341,48.3192,48.1132,37.842,33.081,36.6142,35.1159,65.4304,-5.9139
Nevada,130,MWC,36,22-14,101.7220,98.962,.5820130,45.5320,46.126,17.6133,17.3225,30.7134,30.3200,43.228,39.6238,46.3261,44.943,29.1342,32.352,28.6320,34.2122,71.351,-5.0125
Duquesne,131,A10,33,16-17,109.199,106.1199,.5805131,53.931,49.4137,18.9232,15.6316,27.9237,28.4106,33.6255,38.6213,53.128,42.812,36.674,40.2348,43.326,38.0272,72.718,-7.7171
Siena,132,MAAC,34,21-13,107.8115,104.9177,.5778132,52.071,47.255,22.2345,17.3225,39.16,30.0183,40.875,38.4203,50.788,46.789,36.865,32.144,29.4305,34.5137,70.280,-6.2146
TCU,133,B12,33,12-21,101.0236,98.356,.5768133,45.7317,50.9215,20.7316,21.123,29.3184,31.5261,45.68,41.4279,43.7334,50.2234,33.5228,34.8176,30.8274,35.8192,69.4106,-6.8156
"Buffalo14 seed, R64",134,MAC,34,19-15,106.1151,103.4150,.5752134,49.6187,49.8167,18.8223,17.7198,31.8103,28.7120,41.656,37.8190,49.0158,48.8171,33.7219,34.3148,37.2124,35.7185,72.127,-5.6134
Albany,135,AE,32,23-9,105.6159,102.9138,.5748135,50.7131,48.7105,18.4196,18.7132,34.832,25.625,43.326,27.219,51.857,50.2234,32.3275,30.914,32.0252,39.6306,66.4258,-3.8109
"Green Bay14 seed, R64",136,Horz,34,21-13,107.9113,105.1183,.5740136,49.8174,51.5250,15.831,21.123,30.9129,32.0281,42.242,35.8146,48.5179,50.0224,35.0154,36.3262,31.4262,33.9114,76.45,-4.4117
Grand Canyon,137,WAC,32,25-7,104.2176,101.6117,.5740137,49.8174,48.183,16.990,19.1103,32.096,27.367,41.558,35.1127,48.3192,48.4148,35.6128,31.735,29.6302,35.5176,68.6140,-0.976
Pepperdine,138,WCC,31,17-14,106.4146,103.8159,.5718138,49.0213,49.8167,16.042,16.1287,30.3153,29.8174,41.169,31.463,48.3192,50.2234,34.0204,32.664,25.6345,34.6140,67.5201,-4.9123
Southern Illinois,139,MVC,32,22-10,105.8155,103.4151,.5655139,51.1122,50.9215,19.4259,21.321,31.7105,25.625,39.3102,44.9322,51.078,52.6310,34.3184,31.838,33.8217,35.2165,69.698,-3.2101
"Weber St.15 seed, R64",140,BSky,32,23-9,102.7198,100.496,.5644140,54.520,47.462,19.6272,15.6316,25.9289,25.625,45.77,28.126,55.311,45.246,35.5134,35.6225,41.945,27.26,66.8246,-3.5105
Purdue Fort Wayne,141,Sum,32,22-10,111.169,108.8253,.5607141,54.029,52.9300,17.3112,15.7312,28.1225,26.550,33.4261,30.044,49.0158,50.2234,40.39,38.7337,43.425,34.3125,69.4105,+0.0056
Morehead St.,142,OVC,35,21-14,106.1153,104.0163,.5560142,48.0251,50.6199,18.6211,21.418,38.67,29.0129,35.3209,53.7348,45.8280,49.0180,36.2102,35.7233,26.4341,35.7185,65.4306,-6.3150
Colorado St.,143,MWC,32,16-16,112.258,110.0275,.5552143,49.9166,52.1284,16.355,14.1346,33.062,25.115,42.341,35.1127,46.5255,51.4274,36.2102,35.4210,43.326,39.0290,68.0171,-8.4178
Central Michigan,144,MAC,30,14-16,111.367,109.4264,.5500144,51.787,51.0223,13.61,15.9300,26.5274,31.5261,30.0327,35.2132,50.885,50.7252,35.2146,34.4155,46.88,34.6140,66.5256,-9.1190
"UNC Asheville15 seed, R64",145,BSth,32,20-12,102.3204,100.5101,.5500145,49.6187,49.3133,18.6211,22.210,31.6109,29.3142,41.850,33.089,50.2106,52.1297,32.1283,29.64,30.1291,35.9196,70.183,-6.1143
Vermont,146,AE,36,22-14,108.4112,106.5207,.5494146,54.128,49.3133,19.2247,16.7261,28.5210,28.2100,38.2128,37.4182,52.634,46.372,38.228,37.0291,31.9254,33.4100,67.6193,-6.4152
Murray St.,147,OVC,29,15-14,107.7117,106.0198,.5478147,51.695,52.2288,17.8151,19.295,28.7202,26.240,34.1241,40.8265,50.1108,51.1264,36.1108,36.1255,37.2124,33.8108,64.4332,-8.8186
Marshall,148,CUSA,33,17-16,110.975,109.2260,.5455148,54.223,52.3290,16.463,17.1240,26.6272,30.9233,31.2306,35.9152,57.23,50.7252,33.7219,37.4305,45.113,29.821,77.13,-8.5181
Penn St.,149,B10,32,16-16,102.2207,100.8105,.5407149,46.6300,48.8109,16.990,17.6205,28.7202,29.4148,34.5229,42.5295,45.9277,45.550,31.7299,36.6274,37.0130,35.3171,66.1273,-4.6119
Fordham,150,A10,30,16-14,102.8197,101.4115,.5406150,51.599,51.4244,20.4304,22.49,30.4146,26.954,33.6255,40.5261,51.272,52.3304,34.6170,33.4103,40.362,39.4299,66.6253,-5.9140

Massachusetts,151,A10,32,14-18,103.1192,101.8124,.5378151,49.1211,48.390,17.5126,17.1240,25.9289,30.4204,36.5182,40.2254,48.8166,49.0180,33.0249,31.326,37.3117,35.6180,70.758,-8.5180
Montana,152,BSky,30,18-12,106.5140,105.1184,.5376152,53.441,49.5140,18.3193,18.7132,28.4215,24.912,36.8174,45.3326,51.857,49.5204,37.350,33.081,37.1127,36.4215,65.2311,-5.6133
Towson,153,CAA,31,18-13,105.4162,104.2166,.5331153,46.9292,48.494,17.9162,17.7198,38.310,27.367,45.111,41.0271,46.3261,46.270,32.1283,35.2197,29.9295,34.3125,65.7294,-6.0141
Eastern Michigan,154,MAC,29,14-15,106.4144,105.2185,.5330154,48.8224,50.6199,17.4117,20.929,31.1126,36.9348,43.523,42.9301,49.5131,47.6115,31.5304,36.8282,31.9254,39.4299,70.378,-7.6170
"Florida Gulf Coast16 seed, R64",155,ASun,31,17-14,103.8183,103.1144,.5198155,51.599,47.769,17.2108,15.9300,31.7105,27.571,37.3158,35.3134,51.561,48.3143,34.2189,31.223,24.7349,36.2206,67.0234,-8.3175
Georgia St.,156,SB,28,14-14,101.1235,100.597,.5173156,48.5234,47.976,18.0167,21.222,24.5317,31.0236,37.5151,41.3275,47.1237,47.093,34.8159,32.877,27.2332,40.7325,64.5329,-8.4179
Western Kentucky,157,CUSA,32,16-16,109.495,108.9255,.5131157,52.555,52.4292,19.0241,15.0331,33.650,28.6117,39.695,30.044,51.561,50.4244,36.390,37.3303,32.5241,35.4174,66.9238,-9.4196
North Florida,158,ASun,31,19-12,114.435,113.9326,.5127158,57.94,51.8265,15.318,14.4340,24.1324,33.4311,28.7337,27.118,54.713,51.8291,40.97,34.6163,48.46,26.85,70.469,-5.0126
Nebraska Omaha,159,Sum,30,16-14,109.297,108.8251,.5101159,51.977,53.1309,16.675,20.349,28.1225,31.6264,42.636,38.5208,52.634,52.7312,33.6223,35.9241,28.9315,34.4131,76.36,-7.4168
Harvard,160,Ivy,28,12-16,100.7243,100.495,.5088160,51.882,46.635,21.5334,16.8258,29.6173,28.4106,31.5301,33.598,48.1202,46.475,39.216,31.326,34.8190,34.5137,66.0276,-8.8184
Wyoming,161,MWC,30,12-18,109.1100,108.9258,.5039161,53.441,50.1183,17.098,15.8307,18.1350,30.4204,45.96,39.1230,50.885,48.4148,37.252,35.4210,52.91,36.8233,64.6326,-10.4215
Louisiana Tech,162,CUSA,31,21-10,103.8184,103.7157,.5036162,51.3108,49.2127,16.990,19.0108,28.8197,29.0129,43.033,34.1109,52.051,49.7215,33.3237,32.041,35.3172,33.5103,71.641,-4.2115
Missouri,163,SEC,31,10-21,103.7186,103.7156,.5019163,47.2283,49.0118,18.0167,16.0294,26.8265,29.8174,39.695,40.8265,47.6219,48.0130,31.0313,33.6113,32.5241,39.2296,68.0174,-9.4198
Ball St.,164,MAC,34,20-14,103.1194,103.0141,.5016164,52.261,46.845,19.9284,16.5271,28.0232,26.343,34.8224,38.6213,49.9118,43.721,36.963,35.1192,42.830,35.4174,65.3309,-8.2173
North Dakota St.,165,Sum,31,18-13,100.7244,100.7103,.4996165,49.9166,47.769,16.249,16.9253,25.6294,26.240,33.9246,31.868,49.1152,47.2101,34.1192,32.456,35.0184,31.141,64.5330,-7.0163
High Point,166,BSth,29,18-11,110.483,110.4281,.4990166,51.977,52.9300,15.937,20.640,31.998,31.7267,35.0219,32.377,49.8122,53.3327,38.228,34.7168,27.2332,38.4278,65.9281,-5.6132
Northern Illinois,167,MAC,30,17-13,101.5226,101.7120,.4964167,47.8261,49.0118,18.5200,19.965,32.190,27.778,41.752,41.3275,44.8314,46.475,35.6128,35.2197,35.1178,40.5318,67.7188,-6.5153
Tennessee St.,168,OVC,29,18-11,100.7242,100.9107,.4944168,50.4145,49.5140,19.2247,21.614,31.4115,29.0129,41.558,42.7299,50.0115,45.449,34.1192,36.8282,29.4305,41.4332,67.9182,-5.9138
Elon,169,CAA,30,14-16,105.9154,106.2202,.4920169,51.882,50.3192,17.7139,15.8307,27.2253,29.8174,30.4323,33.494,52.541,49.1187,33.9207,35.3203,45.113,30.936,71.546,-8.3177
DePaul,170,BE,31,9-22,104.7168,105.2186,.4851170,49.4193,51.4244,21.5334,17.8190,30.7134,29.9180,36.5182,44.8320,48.6177,49.2194,34.3184,36.4264,29.0311,39.5303,67.2225,-9.2194
Oral Roberts,171,Sum,29,12-17,107.5123,108.1239,.4841171,50.5140,52.1284,17.3112,15.9300,28.1225,30.0183,36.6177,33.089,48.0204,50.2234,38.039,37.4305,27.6329,31.242,68.9125,-9.2193
Coastal Carolina,172,BSth,30,18-12,101.7222,102.4135,.4799172,49.5190,46.330,18.8223,15.3323,30.6140,29.0129,35.7198,31.765,49.1152,46.270,33.4230,30.914,37.0130,40.2315,66.6252,-6.9162
Lehigh,173,Pat,31,16-15,105.1164,105.9197,.4787173,52.169,51.1229,19.3254,18.6137,29.1189,29.3142,31.7295,28.733,48.5179,48.8171,39.314,36.4264,33.9213,38.9288,67.9179,-9.4197
Bucknell,174,Pat,30,16-14,105.4161,106.2203,.4783174,52.169,49.5140,18.7220,17.9187,29.7168,28.4106,43.917,41.3275,51.272,47.6115,35.8121,35.2197,35.7162,35.9196,71.350,-8.9189
East Tennessee St.,175,SC,34,22-12,106.5141,107.3223,.4780175,53.047,50.5195,18.1176,17.8190,28.3218,30.6215,34.9220,39.8246,50.499,50.1230,38.326,34.1140,36.8140,37.3257,69.3110,-4.9124

Detroit Mercy,176,Horz,29,14-15,110.779,111.8300,.4713176,52.071,53.6322,17.8151,17.2231,32.575,29.4148,40.580,46.5331,50.694,53.7333,36.577,35.6225,33.1229,36.6224,73.68,+0.0056
Eastern Washington,177,BSky,32,16-16,112.653,113.9325,.4687177,56.46,54.0330,16.144,15.9300,26.7268,29.2137,35.9195,37.9191,55.49,53.3327,38.424,37.4305,46.510,27.26,68.5145,-10.6219
Winthrop,178,BSth,29,20-9,107.1131,108.3244,.4669178,54.223,47.769,17.8151,15.9300,26.0285,32.0281,41.169,31.970,53.921,47.196,36.484,32.769,41.451,32.059,72.815,-4.7122
Loyola Chicago,179,MVC,31,14-17,100.4252,101.6118,.4639179,48.3243,49.6153,18.9232,22.210,22.5337,30.6215,32.5278,36.4160,45.9277,48.2139,35.3143,34.9181,33.2227,33.399,64.8319,-9.2191
Denver,180,Sum,31,16-15,103.2188,104.6173,.4638180,55.710,51.9271,20.8319,22.76,20.1347,31.0236,36.6177,43.4308,54.316,49.9219,38.326,37.0291,42.338,35.2165,61.0350,-10.0207
Kent St.,181,MAC,31,18-13,106.4147,107.8231,.4627181,49.0213,51.0223,17.5126,16.8258,34.145,28.090,40.091,35.1127,49.0158,49.5204,32.8251,35.9241,30.3282,34.8147,67.3217,-6.8157
Portland,182,WCC,31,11-20,108.5111,110.1277,.4569182,49.9166,52.4292,16.883,18.4154,30.7134,34.2323,31.4303,41.4279,47.0239,49.4200,36.390,38.5333,38.982,35.8192,71.931,-12.2249
Wagner,183,NEC,33,22-11,100.6247,102.1131,.4560183,47.6269,46.845,19.6272,20.737,36.918,27.571,32.6275,44.3315,46.4259,45.654,33.6223,32.769,30.6276,34.0117,65.7290,-6.9159
George Mason,184,A10,32,11-21,102.2208,104.0161,.4499184,45.1327,48.494,18.6211,10.2351,33.551,22.82,34.4233,30.044,45.7282,46.064,29.2340,35.3203,31.2264,34.8147,67.7187,-11.5238
East Carolina,185,Amer,32,12-20,103.2190,105.1182,.4478185,49.0213,51.2235,19.4259,18.4154,28.8197,32.3290,34.6228,26.813,47.8210,52.2301,33.9207,33.185,38.2101,39.4299,67.1232,-10.5216
Indiana St.,186,MVC,31,14-17,98.1295,100.185,.4431186,44.7338,47.255,18.6211,17.8190,27.3250,25.830,41.558,43.9312,44.7319,46.580,29.9336,32.456,38.0106,33.093,70.376,-8.7183
North Dakota,187,BSky,30,14-16,100.3253,102.4134,.4429187,50.6137,51.2235,18.1176,19.677,23.8327,25.933,39.3102,38.6213,48.7172,51.0261,36.769,34.4155,30.0292,39.0290,71.544,-10.4214
Western Michigan,188,MAC,30,11-19,103.1191,105.3188,.4392188,47.6269,52.0275,17.9162,17.1240,30.6140,25.521,43.820,38.5208,46.3261,51.0261,33.7219,35.6225,30.4280,41.2330,68.1168,-12.0244
Auburn,189,SEC,31,11-20,101.3230,103.5153,.4374189,47.3280,50.5195,18.9232,17.8190,27.9237,32.3290,41.071,40.1250,44.3327,49.6210,34.0204,34.8176,44.021,35.5176,71.639,-8.2174
UCF,190,Amer,30,12-18,100.9239,103.2146,.4355190,49.2206,47.151,21.3331,13.4350,31.3119,30.5210,37.2161,25.19,50.1108,46.475,31.8296,32.352,39.175,34.9150,67.7189,-10.0206
Texas A&M Corpus Chris,191,Slnd,31,23-8,101.8218,104.4167,.4297191,49.2206,48.9113,17.7139,22.58,30.9129,33.2309,37.7144,44.5317,48.2199,46.683,34.1192,35.2197,33.0232,36.5220,68.4151,-1.790
Wofford,192,SC,30,13-17,105.7158,108.4247,.4292192,51.787,54.0330,18.0167,17.6205,26.2281,25.933,38.4118,41.5283,45.8280,54.3340,40.97,35.5221,38.494,29.316,65.2310,-10.3210
Mercer,193,SC,32,16-16,105.3163,108.2241,.4238193,49.8174,48.9113,19.2247,16.2284,36.720,27.469,32.3280,32.986,48.5179,44.738,35.3143,36.0252,31.2264,44.9349,63.4340,-10.3212
Cal Poly,194,BW,28,8-20,107.6121,110.6283,.4222194,48.0251,53.2311,15.113,15.9300,30.1158,28.3103,35.2212,40.2254,44.9310,50.0224,35.4138,40.0347,37.6111,31.752,66.4260,-11.9243
Washington St.,195,P12,30,8-22,102.1212,105.1181,.4181195,50.7131,49.9173,19.7276,14.7336,23.9325,29.6162,31.1308,37.5184,50.3103,48.2139,34.6170,35.9241,30.3282,31.038,68.8131,-10.3211
Loyola Marymount,196,WCC,30,13-17,104.3173,107.4224,.4161196,47.5272,53.5320,16.249,20.254,28.9196,31.7267,28.4338,42.7299,45.7282,51.6284,33.9207,37.7317,35.1178,39.8310,67.5205,-8.8187
Fairfield,197,MAAC,33,19-14,103.9181,107.0216,.4143197,51.3108,49.6153,17.6133,18.9117,24.8313,34.1321,32.6275,34.1109,50.0115,49.1187,35.4138,33.7114,41.548,36.1204,71.542,-6.9161
UTEP,198,CUSA,32,18-14,103.8182,107.0214,.4139198,52.458,49.5140,17.1100,19.295,24.5317,31.7267,40.972,36.6163,51.367,48.3143,36.577,34.2143,32.4243,39.4299,71.638,-9.6199
Navy,199,Pat,32,18-14,99.8270,102.8137,.4136199,49.5190,48.9113,19.9284,20.349,32.673,27.262,42.835,39.4235,50.885,45.963,30.5320,35.4210,26.3342,41.7336,64.8321,-9.8203
Furman,200,SC,33,17-16,104.0178,107.3221,.4127200,51.599,50.8207,20.5309,19.295,32.190,28.8122,43.326,38.0194,54.218,49.9219,31.9292,35.0188,42.140,36.0200,65.0316,-9.9205

Tulane,201,Amer,34,13-21,97.4303,100.599,.4121201,45.0330,48.8109,19.1244,18.7132,31.7105,30.2194,30.7318,36.8170,45.0307,46.990,30.0334,35.3203,35.6163,30.834,67.6195,-10.9228
Eastern Kentucky,202,OVC,30,14-16,106.7134,110.1276,.4112202,56.09,53.1309,20.3300,20.349,27.0261,34.2323,40.385,42.3291,54.218,51.3270,39.513,37.6316,37.3117,36.5220,72.323,-10.4213
Texas Southern,203,SWAC,33,18-15,106.2150,109.6270,.4103203,51.882,49.2127,19.3254,15.8307,35.327,28.4106,41.558,24.64,52.345,48.7163,33.8215,33.5107,35.5168,32.269,67.5200,-7.6169
Minnesota,204,B10,31,8-23,100.5250,104.2165,.3981204,45.9309,51.7260,16.569,17.8190,26.5274,29.2137,37.1163,34.2113,45.6286,48.7163,31.0313,38.2327,34.5199,34.4131,68.5148,-12.7258
Georgia Southern,205,SB,29,12-17,104.9166,109.1259,.3897205,47.5272,51.8265,16.249,20.063,29.7168,34.5327,37.7144,44.5317,45.6286,52.5307,33.3237,33.8124,43.923,40.7325,68.6142,-11.3232
Saint Louis,206,A10,32,11-21,97.3304,101.2114,.3890206,47.7262,50.0177,19.5265,18.5145,20.7346,27.986,37.8140,39.3232,46.9245,50.5248,32.8251,32.877,35.2175,40.6322,68.7134,-11.5239
San Francisco,207,WCC,29,14-15,106.4145,110.7285,.3887207,50.0161,51.7260,17.8151,16.0294,33.454,30.2194,39.1106,35.8146,48.5179,47.8124,35.1150,38.6334,36.1157,39.2296,70.282,-8.3176
Pacific,208,WCC,26,6-20,100.9237,105.0178,.3885208,49.0213,50.1183,19.8282,16.5271,28.5210,29.6162,38.4118,49.3344,49.3142,47.2101,32.2278,36.6274,36.9136,36.7229,66.7251,-12.6257
NJIT,209,ASun,34,19-15,101.7221,105.9196,.3867209,51.882,51.3241,18.2182,19.295,26.8265,31.1241,33.7254,35.7141,51.174,50.6251,35.1150,34.9181,42.140,42.4339,69.0121,-8.6182
Texas St.,210,SB,29,13-16,99.5272,103.8158,.3830210,46.6300,49.6153,17.8151,20.832,29.8164,30.6215,37.7144,35.6139,46.0274,47.9127,32.1283,35.1192,26.6340,35.0156,63.3341,-10.9227
Tennessee Tech,211,OVC,29,17-12,107.5122,112.1304,.3816211,52.458,50.6199,17.8151,16.0294,27.6247,31.9275,44.016,32.883,51.367,48.5155,35.9115,36.4264,42.633,35.0156,69.2115,-5.8137
IU Indy,212,Sum,31,12-19,98.7285,103.1143,.3783212,46.9292,51.1229,18.9232,18.1174,27.7243,28.192,31.9292,38.9226,45.6286,51.3270,33.3237,33.8124,29.7298,30.527,68.7135,-10.8225
Idaho,213,BSky,32,19-13,99.2278,103.7155,.3769213,48.7229,49.5140,22.7347,18.9117,34.442,25.319,44.613,41.7284,46.1271,48.1132,36.390,34.3148,31.6259,42.8343,65.8288,-7.4167
Dartmouth,214,Ivy,27,9-18,99.9266,104.4168,.3762214,47.5272,52.7298,20.8319,20.929,32.866,29.7168,38.2128,42.3291,45.9277,52.7312,34.3184,35.1192,28.8316,40.4317,67.3220,-12.3251
Boston College,215,ACC,32,7-25,95.9317,100.391,.3751215,47.5272,52.4292,20.0291,19.582,21.8343,28.6117,25.9350,37.0174,46.9245,50.0224,32.3275,38.2327,40.759,33.9114,66.9240,-12.2250
UNC Greensboro,216,SC,31,12-19,102.3203,107.1217,.3720216,51.3108,51.9271,17.7139,17.4216,27.1257,27.571,28.0341,38.5208,49.1152,49.0180,36.390,37.4305,41.054,40.6322,67.4213,-12.6256
FIU,217,CUSA,30,11-19,103.2189,108.1240,.3695217,52.071,48.183,19.3254,14.2343,30.8132,29.4148,35.6200,35.7141,50.788,47.196,36.865,33.185,28.1325,38.1275,65.1312,-14.5289
Charlotte,218,CUSA,33,14-19,104.3172,109.2261,.3692218,51.0127,54.8341,16.463,18.3160,29.7168,27.778,33.2265,30.957,47.7214,52.7312,38.228,39.3343,33.7219,33.7106,70.375,-12.6255
Missouri St.,219,MVC,31,12-19,100.9238,105.8194,.3680219,46.1306,51.5250,18.6211,17.6205,28.0232,28.192,39.3102,34.1109,45.3296,49.1187,32.0288,37.2300,29.4305,35.1159,68.9128,-10.5217
Montana St.,220,BSky,30,13-17,107.4125,112.6309,.3676220,50.8129,53.9329,17.3112,16.9253,33.062,27.571,30.7318,46.3329,47.2230,53.4331,37.252,36.5272,41.746,35.9196,68.4150,-12.1247
Western Carolina,221,SC,31,13-18,100.2259,105.1180,.3675221,48.8224,51.0223,20.0291,20.832,30.4146,32.7301,38.2128,45.0323,48.3192,49.6210,33.0249,35.6225,36.9136,37.2255,69.1116,-10.2209
UC Riverside,222,BW,31,12-19,100.5248,105.4190,.3673222,48.9221,49.1124,19.7276,17.2231,28.4215,28.192,36.8174,38.3201,47.0239,47.6115,34.5174,34.8176,39.175,31.752,67.1229,-13.1264
St. John's,223,BE,31,7-24,97.2306,101.9126,.3672223,45.4321,51.1229,20.9322,20.159,27.5249,30.9233,38.0133,43.3306,44.1330,49.1187,32.0288,36.6274,33.9213,34.3125,72.028,-11.3233
South Dakota,224,Sum,30,12-18,105.7156,111.0289,.3637224,51.787,54.2335,16.463,19.0108,25.0304,30.2194,30.1325,40.9268,50.597,50.9257,36.484,39.8345,29.0311,38.4278,70.660,-11.4236
Tennessee Martin,225,OVC,33,18-15,104.2174,109.4267,.3636225,50.5140,50.8207,18.2182,17.0246,29.5178,29.4148,35.6200,30.044,49.8122,50.8255,34.4177,33.8124,39.175,44.1347,66.6255,-8.9188

"Austin Peay16 seed, R64",226,OVC,34,16-18,104.5170,110.0273,.3575226,51.3108,53.8327,20.2296,18.6137,31.998,30.0183,47.03,31.361,51.078,53.3327,34.7165,36.4264,31.8257,39.5303,69.697,-11.1231
Boston University,227,Pat,33,18-15,102.7201,108.2243,.3528227,52.261,50.0177,19.6272,17.1240,26.5274,28.192,37.0164,33.9107,51.078,50.0224,36.1108,33.396,39.372,37.0241,69.793,-9.8202
New Hampshire,228,AE,31,18-13,99.8269,105.3187,.3494228,46.7295,50.2188,16.883,15.1328,29.5178,21.71,36.6177,34.5118,45.0307,48.6157,33.2243,35.3203,34.9189,36.6224,67.2227,-7.4166
Rider,229,MAAC,33,13-20,98.9283,104.4169,.3490229,48.3243,47.873,19.2247,18.2165,28.6207,29.4148,35.4205,32.479,48.9163,45.757,31.5304,34.0136,35.9159,38.7287,64.4333,-13.9282
Sam Houston St.,230,Slnd,30,15-15,102.5202,108.2242,.3484230,49.3199,51.9271,16.990,18.7132,28.8197,23.75,36.6177,44.8320,48.0204,50.9257,34.1192,35.6225,39.175,39.1292,66.9241,-8.8185
Canisius,231,MAAC,33,14-19,107.8114,114.1328,.3424231,49.0213,54.9342,15.937,19.677,31.0128,32.8302,36.9169,39.0228,47.5222,53.6332,34.1192,38.0322,41.548,38.4278,67.6192,-13.5269
Santa Clara,232,WCC,30,10-20,101.9214,108.1236,.3386232,47.9256,50.8207,16.990,16.7261,24.4321,30.0183,33.8251,36.8170,45.2301,50.4244,34.8159,34.4155,39.080,39.1292,65.6295,-11.8242
La Salle,233,A10,30,8-22,100.2260,106.2204,.3365233,47.7262,53.3315,18.8223,19.1103,24.9307,34.3325,30.9313,34.9123,45.4294,51.1264,33.6223,38.1325,45.113,35.8192,66.1275,-12.5254
Saint Peter's,234,MAAC,30,14-16,96.2315,102.1130,.3363234,47.7262,47.873,19.5265,17.7198,30.4146,26.343,35.1215,31.765,47.0239,45.757,32.7255,34.1140,33.7219,38.6285,64.7324,-10.5218
Army,235,Pat,32,18-14,99.9267,106.1200,.3345235,49.7182,49.5140,18.5200,16.4277,31.1126,26.751,31.7295,32.074,49.3142,48.3143,33.4230,35.1192,42.534,28.08,72.322,-9.2192
UC Davis,236,BW,28,9-19,94.0326,99.981,.3337236,47.9256,48.390,20.7316,19.774,25.0304,28.4106,33.6255,31.868,45.5291,48.7163,35.9115,31.735,29.1310,37.1247,66.0279,-12.7260
Gardner Webb,237,BSth,30,14-16,101.2233,107.6227,.3319237,47.7262,51.4244,18.6211,18.8126,31.6109,29.3142,34.9220,39.7241,46.0274,51.1264,33.5228,34.7168,40.065,37.3257,69.2114,-10.2208
Samford,238,SC,31,12-19,102.2209,108.7249,.3291238,49.9166,51.5250,19.5265,20.929,29.6173,32.2287,43.917,43.7311,50.694,49.4200,32.2278,36.8282,29.6302,36.7229,68.0170,-13.6272
Western Illinois,239,Sum,24,7-17,100.6245,107.3220,.3248239,49.3199,50.1183,18.2182,15.2326,25.5296,27.058,32.0290,42.4293,46.0274,46.475,37.842,39.1342,31.4262,30.527,67.7190,-11.3234
South Florida,240,Amer,33,8-25,98.4290,104.9176,.3248240,45.4321,47.255,21.9341,14.3342,34.639,32.5297,33.0269,35.6139,46.2267,46.990,28.6344,31.939,25.1347,37.2255,66.8244,-14.7292
San Jose St.,241,MWC,28,6-22,97.2308,103.6154,.3232241,46.8294,49.6153,19.2247,17.2231,27.1257,29.7168,38.5115,47.5339,48.2199,47.9127,29.8337,35.4210,40.163,33.4100,69.794,-15.3297
Bowling Green,242,MAC,32,14-18,100.1262,106.7209,.3223242,48.9221,50.9215,18.5200,17.1240,28.1225,28.4106,40.288,35.9152,47.2230,47.3106,35.4138,37.9321,29.0311,37.3257,68.4153,-11.7241
Radford,243,BSth,29,14-15,102.9196,109.8272,.3212243,50.2152,51.3241,19.3254,17.0246,34.442,30.1190,29.0335,34.3114,49.5131,51.6284,34.4177,33.8124,34.6196,30.936,65.9283,-9.9204
Drexel,244,CAA,30,6-24,99.8268,106.6208,.3196244,44.3339,52.5296,16.883,18.1174,27.7243,28.8122,36.9169,47.4337,42.3343,51.5280,32.7255,36.5272,30.3282,31.855,64.6327,-16.2315
Cal St. Northridge,245,BW,28,8-20,100.0264,106.9211,.3191245,46.7295,51.7260,19.4259,18.9117,27.6247,31.3254,42.147,36.0154,47.1237,47.8124,30.2330,39.7344,24.9348,32.682,70.468,-13.3267
Jackson St.,246,SWAC,34,18-16,95.2321,101.7123,.3182246,45.7317,45.519,17.8151,20.737,32.383,28.4106,30.4323,48.1340,45.4294,44.634,30.8316,31.532,35.2175,35.5176,67.3219,-10.6220
Manhattan,247,MAAC,31,13-18,99.5273,106.3206,.3170247,50.1157,52.2288,20.5309,22.67,23.5328,32.5297,39.892,46.8335,47.6219,52.9320,36.1108,33.7114,39.175,31.855,67.9180,-12.3252
Cal St. Fullerton,248,BW,28,8-20,102.2206,109.3263,.3160248,46.4305,50.7203,19.0241,16.4277,29.7168,29.0129,43.722,39.7241,44.4324,48.1132,33.3237,36.6274,34.4202,38.0272,68.6141,-13.5270
"Southern16 seed, R68",249,SWAC,32,19-13,100.0265,107.0215,.3142249,48.5234,47.976,16.355,19.677,28.1225,31.2245,38.1131,39.9248,47.6219,47.7120,33.8215,32.250,29.7298,36.2206,68.6144,-8.0172
Kennesaw St.,250,ASun,29,9-20,101.6224,108.8250,.3130250,48.7229,53.2311,18.5200,18.0178,28.3218,34.6330,33.5260,39.0228,47.2230,54.0337,35.1150,34.5159,28.2323,34.6140,68.8133,-12.8262

Portland St.,251,BSky,29,11-18,103.1193,110.4280,.3130251,51.2114,53.3315,17.4117,19.1103,28.7202,30.7224,33.9246,32.883,52.732,51.4274,31.5304,38.3331,26.8336,31.344,71.933,-13.8276
Miami OH,252,MAC,32,12-20,97.6301,104.5172,.3124252,45.3323,51.2235,18.5200,20.832,27.9237,31.2245,36.1187,38.6213,44.8314,49.2194,30.8316,35.9241,32.8234,42.2338,64.4331,-13.2266
Air Force,253,MWC,30,12-18,99.1280,106.3205,.3090253,48.0251,51.8265,18.8223,19.487,24.3322,28.192,39.695,37.2178,47.0239,51.3270,33.4230,34.9181,34.3204,46.7350,67.0235,-10.7224
Lipscomb,254,ASun,31,10-21,102.3205,110.0274,.3017254,51.599,52.9300,18.6211,17.7198,26.9264,30.3200,34.7227,35.8146,50.694,51.1264,35.1150,37.0291,45.411,40.9328,72.913,-15.8305
Norfolk St.,255,MEAC,32,15-17,104.4171,112.8313,.2926255,48.7229,50.2188,17.7139,19.1103,32.285,34.3325,41.463,41.9287,46.7250,46.166,34.7165,38.0322,37.0130,37.8267,67.5207,-10.8226
Jacksonville,256,ASun,28,12-16,101.2231,109.4266,.2909256,49.7182,53.6322,15.421,17.4216,27.0261,26.138,31.4303,33.598,45.0307,52.7312,38.918,36.6274,35.0184,40.6322,70.466,-11.6240
UMKC,257,WAC,28,9-19,102.7198,111.0288,.2908257,48.8224,50.3192,19.4259,17.2231,32.770,31.2245,35.3209,44.1314,45.5291,48.9175,36.865,35.1192,34.2208,37.0241,66.2268,-12.8261
Arkansas St.,258,SB,29,9-20,100.1261,108.3246,.2875258,45.8311,47.151,18.0167,14.9333,28.0232,31.2245,40.190,38.0194,45.1303,43.520,31.5304,35.6225,31.1267,36.9236,72.420,-13.8277
South Alabama,259,SB,31,12-19,96.0316,104.0162,.2838259,46.1306,48.494,20.6314,18.0178,30.5143,32.5297,38.3124,38.7219,45.1303,48.4148,31.9292,32.250,34.8190,36.9236,69.795,-12.5253
Drake,260,MVC,30,6-24,103.7185,112.5307,.2829260,50.7131,51.9271,20.5309,14.6337,25.5296,27.882,33.6255,30.553,47.2230,49.6210,38.228,37.7317,34.5199,32.165,65.4302,-16.7322
Northern Kentucky,261,Horz,28,7-21,100.3255,108.9256,.2806261,50.3147,50.2188,19.7276,16.1287,26.5274,29.4148,31.2306,42.6297,48.6177,47.9127,35.3143,36.8282,38.1104,32.269,67.2223,-13.9280
Penn,262,Ivy,27,10-17,99.3277,108.0235,.2752262,49.0213,49.8167,19.4259,16.7261,27.9237,30.5210,31.9292,33.598,51.367,48.7163,30.4322,34.8176,40.561,31.648,67.8185,-10.7222
San Diego,263,WCC,29,8-21,93.8329,102.1132,.2736263,45.2325,50.0177,20.6314,17.4216,26.0285,28.8122,33.9246,42.1289,46.1271,48.1132,29.2340,36.2256,41.548,30.425,66.1274,-13.4268
Colgate,264,Pat,29,12-17,103.4187,112.7310,.2722264,52.555,53.2311,18.4196,19.487,26.6272,30.6215,29.9329,41.8285,50.3103,51.4274,37.059,37.5314,42.436,37.1247,64.8322,-12.1246
"Hampton16 seed, R64",265,MEAC,31,20-11,99.3276,108.3245,.2688265,46.7295,48.6102,18.7220,16.7261,34.541,27.262,41.366,35.7141,47.3228,47.5109,30.5320,33.8124,34.7194,32.990,71.055,-6.1144
Eastern Illinois,266,OVC,28,11-17,100.3257,109.4265,.2686266,49.9166,51.4244,18.0167,19.582,26.8265,34.7333,34.4233,40.5261,48.8166,52.0295,34.4177,33.5107,38.494,36.4215,66.9239,-12.2248
Mount St. Mary's,267,NEC,33,14-19,93.0334,101.7119,.2638267,45.8311,50.2188,17.2108,24.63,25.3299,33.7317,30.6320,40.4259,44.8314,50.1230,31.7299,33.7114,36.2151,28.913,68.8130,-13.7275
Brown,268,Ivy,27,7-20,101.9216,111.4291,.2637268,50.2152,50.8207,18.8223,16.0294,25.6294,31.3254,36.9169,36.4160,47.8210,48.5155,35.9115,36.6274,39.080,35.5176,70.759,-13.9283
Delaware,269,CAA,30,7-23,101.2232,110.8287,.2615269,45.3323,51.8265,17.7139,13.5349,29.6173,28.090,42.242,31.970,43.7334,51.4274,32.5266,34.8176,31.1267,47.2351,67.2224,-15.1296
Idaho St.,270,BSky,29,14-15,99.4275,108.8252,.2614270,50.1157,51.7260,18.3193,17.4216,24.7315,28.4106,38.5115,35.4135,48.0204,52.2301,35.7125,34.0136,37.6111,39.9311,70.184,-10.7223
Rutgers,271,B10,31,6-25,98.3293,107.6229,.2603271,45.8311,52.0275,18.9232,16.1287,25.3299,35.9345,34.5229,29.740,44.9310,49.9219,32.2278,37.4305,26.7338,34.7146,70.464,-13.9284
Troy,272,SB,29,7-22,98.4291,107.9233,.2573272,45.8311,50.9215,16.883,17.8190,29.1189,31.8273,38.0133,35.1127,45.3296,49.0180,31.2308,36.2256,37.6111,35.7185,68.5147,-16.1314
Appalachian St.,273,SB,31,9-22,101.6223,111.6295,.2551273,47.2283,51.2235,21.0323,15.9300,33.062,32.3290,39.1106,39.8246,43.1341,48.8171,35.6128,38.6334,40.163,25.63,70.472,-15.0295
"Holy Cross16 seed, R64",274,Pat,35,15-20,98.0296,107.6228,.2527274,47.9256,53.2311,16.883,19.677,23.1332,29.6162,36.1187,33.494,47.2230,52.8318,32.6261,35.7233,40.955,40.8327,63.7337,-14.3286
Loyola MD,275,Pat,30,9-21,101.9215,112.0302,.2519275,47.7262,52.0275,18.9232,17.0246,31.4115,30.6215,38.4118,40.9268,48.7172,50.2234,30.4322,37.2300,31.1267,32.784,67.1230,-16.0311

Stetson,276,ASun,30,8-22,104.2175,114.7332,.2504276,51.2114,54.5336,16.883,15.7312,25.2301,32.9303,33.8251,30.856,49.4138,54.7344,36.2102,35.9241,36.2151,32.373,70.563,-16.5318
South Carolina St.,277,MEAC,32,17-15,103.0195,113.5317,.2470277,49.8174,50.7203,17.098,17.5210,29.1189,31.4259,34.8224,38.7219,49.6129,49.9219,33.6223,34.6163,30.0292,37.3257,67.6196,-9.4195
Utah Valley,278,WAC,27,9-18,100.3256,110.5282,.2469278,48.6233,49.9173,17.4117,16.6269,22.9335,31.0236,34.5229,37.7186,46.3261,50.3242,34.6170,32.664,40.856,29.215,74.47,-12.1245
Rice,279,CUSA,30,10-20,105.4160,116.5342,.2410279,51.2114,56.2346,17.9162,18.4154,26.7268,32.2287,41.558,36.7167,53.424,52.7312,31.9292,41.8350,39.769,35.1159,69.891,-14.7291
North Texas,280,CUSA,30,10-20,101.5227,112.3306,.2381280,49.3199,53.3315,19.5265,17.2231,30.3153,31.2245,44.115,42.5295,49.8122,52.7312,32.2278,36.2256,31.1267,34.4131,69.892,-14.5290
Cornell,281,Ivy,27,9-18,98.4292,108.9257,.2376281,48.7229,51.5250,17.9162,19.869,22.4339,36.1346,32.3280,35.8146,47.0239,49.7215,34.1192,36.4264,40.856,35.8192,72.419,-11.4237
LIU,282,NEC,31,16-15,101.3228,112.1303,.2374282,47.9256,50.9215,18.4196,19.774,32.285,31.1241,41.463,38.0194,49.5131,48.8171,29.7338,37.0291,32.0252,31.648,72.126,+0.0056
Incarnate Word,283,Slnd,25,14-11,100.7241,111.6296,.2363283,49.9166,52.9300,17.8151,18.2165,22.5337,28.8122,35.5203,38.1198,44.7319,52.4306,38.918,35.9241,38.2101,34.1120,67.4214,-6.2145
Sacramento St.,284,BSky,29,12-17,97.8298,108.8254,.2268284,49.3199,50.1183,16.779,17.6205,26.3279,31.2245,34.9220,37.9191,49.2147,50.9257,33.1245,32.560,34.8190,37.1247,68.4154,-12.7259
Youngstown St.,285,Horz,30,9-21,102.7198,114.3329,.2265285,49.0213,53.6322,15.627,15.7312,22.7336,33.8318,29.8330,32.582,45.5291,54.5342,37.059,34.6163,35.1178,36.0200,72.321,-13.8278
Seattle,286,WAC,30,13-17,95.0323,105.8195,.2244286,47.5272,49.1124,23.1349,18.9117,32.575,31.3254,36.0193,34.9123,44.7319,47.7120,35.5134,33.9131,32.3245,43.1344,65.8286,-11.0229
Quinnipiac,287,MAAC,30,9-21,92.6335,103.2148,.2234287,42.8348,46.532,21.7337,17.4216,38.49,29.3142,28.0341,40.1250,38.3351,46.580,34.1192,31.017,35.4171,32.059,68.7137,-16.5317
"Fairleigh Dickinson16 seed, R68",288,NEC,32,17-15,104.1177,116.3341,.2179288,51.2114,52.4292,17.7139,21.025,28.4215,35.8341,33.3263,46.9336,49.5131,52.1297,36.484,35.4210,32.8234,36.4215,71.640,-9.7201
Jacksonville St.,289,OVC,29,6-23,97.7300,109.6269,.2101289,46.6300,52.0275,16.355,18.6137,27.0261,34.1321,30.9313,42.6297,43.2340,53.0321,34.5174,33.396,40.065,32.373,65.1314,-17.8334
Cleveland St.,290,Horz,30,7-23,91.3342,102.5136,.2089290,44.8333,51.6256,21.8339,19.965,29.4182,31.7267,30.9313,46.6333,43.4338,50.7252,32.0288,35.5221,30.3282,34.9150,63.9336,-15.8303
Houston Christian,291,Slnd,30,13-17,101.3229,113.8324,.2070291,50.5140,50.9215,21.1326,16.7261,29.6173,31.9275,44.912,36.7167,49.3142,49.1187,35.5134,36.3262,30.2290,33.093,70.279,-10.6221
Alabama St.,292,SWAC,29,12-17,99.1281,111.4293,.2053292,45.8311,51.2235,17.2108,18.3160,31.4115,30.0183,31.7295,45.0323,43.6336,51.6284,33.3237,33.7114,33.7219,31.752,68.9129,-12.9263
Charleston Southern,293,BSth,27,6-21,98.9282,111.5294,.2027293,50.0161,54.0330,17.9162,16.1287,24.7315,26.954,27.4344,37.7186,49.4138,52.6310,33.8215,37.4305,45.113,39.5303,68.3156,-15.4298
Saint Francis,294,NEC,29,12-17,100.6246,113.8323,.1952294,48.3243,50.8207,18.5200,16.4277,31.5112,30.8229,38.5115,29.943,45.3296,52.3304,35.8121,32.144,35.5168,35.3171,66.1272,+0.0056
Bethune Cookman,295,MEAC,30,12-18,98.5287,111.4292,.1950295,47.1287,49.7162,18.5200,18.0178,32.096,35.7338,31.0311,34.5118,47.4224,48.4148,31.1309,34.6163,41.153,35.2165,66.9243,-13.7274
Liberty,296,BSth,29,10-19,98.8284,111.8299,.1934296,53.145,53.0306,21.3331,18.1174,21.0345,29.5156,25.5351,43.6309,52.051,52.1297,36.1108,36.4264,48.37,36.3210,63.0344,-13.9281
Campbell,297,BSth,27,9-18,100.4251,113.8321,.1928297,49.5190,53.5320,16.463,18.9117,22.0342,30.6215,41.463,39.3232,50.788,52.1297,31.7299,37.8319,39.470,32.165,68.3159,-15.0294
Florida Atlantic,298,CUSA,31,7-24,95.9318,108.6248,.1920298,46.7295,50.0177,17.6133,16.6269,23.1332,32.9303,32.3280,37.7186,44.2328,49.0180,34.1192,35.4210,36.9136,25.11,67.5208,-17.1324
St. Francis NY,299,NEC,31,14-17,93.3333,105.7193,.1917299,45.9309,46.635,20.4304,18.6137,32.285,30.2194,36.1187,34.9123,46.2267,45.654,30.3327,33.185,43.028,25.42,65.5299,-13.6271
USC Upstate,300,ASun,28,7-21,101.5225,115.1337,.1907300,50.1157,54.6339,20.2296,15.1328,33.160,31.9275,30.9313,36.6163,48.4187,53.1324,35.7125,38.1325,33.0232,37.8267,66.3265,-16.0312

Morgan St.,301,MEAC,30,8-22,95.1322,108.1237,.1877301,44.0343,50.7203,16.779,20.832,30.4146,33.9319,35.8197,38.5208,43.6336,52.5307,30.1331,31.223,28.7319,31.855,69.1120,-17.3328
North Carolina Central,302,MEAC,29,10-19,98.5288,111.9301,.1862302,47.7262,50.0177,20.4304,18.5145,33.948,31.1241,38.7110,37.9191,46.3261,49.3198,33.9207,34.0136,32.3245,37.6263,65.7293,-15.5300
Sacred Heart,303,NEC,30,12-18,99.1279,112.9315,.1828303,48.4240,51.1229,20.2296,18.0178,33.454,32.4296,38.7110,39.4235,49.2147,49.6210,31.1309,35.9241,30.3282,34.2122,71.348,-13.6273
Binghamton,304,AE,30,8-22,90.3344,103.0140,.1804304,44.3339,49.6153,20.7316,18.3160,25.2301,28.5115,36.2185,34.4116,45.1303,49.0180,28.5345,33.7114,37.1127,36.2206,65.5300,-17.1325
SIU Edwardsville,305,OVC,28,6-22,95.7319,109.3262,.1784305,44.8333,51.8265,19.7276,17.6205,32.477,29.3142,36.9169,43.9312,44.4324,50.0224,30.4322,37.2300,32.6240,30.732,66.3262,-16.6320
Hartford,306,AE,32,9-23,100.5249,114.9334,.1763306,49.1211,53.3315,16.355,18.5145,18.9349,35.8341,33.2265,41.1273,45.6286,54.0337,35.4138,34.7168,46.69,34.3125,69.3109,-17.5329
Longwood,307,BSth,30,7-23,100.2258,114.7333,.1748307,50.7131,54.1334,20.5309,17.3225,29.6173,28.192,34.3238,36.4160,49.8122,51.6284,34.9157,38.2327,34.2208,43.4345,69.1117,-18.5338
Marist,308,MAAC,30,7-23,101.9217,116.9343,.1707308,49.4193,53.6322,17.3112,16.9253,24.3322,32.0281,35.9195,36.6163,48.1202,51.6284,34.2189,38.2327,42.436,35.1159,68.0177,-18.6339
Southern Miss,309,CUSA,27,7-20,96.5310,110.8286,.1701309,49.4193,51.6256,20.3300,17.7198,23.3330,29.4148,36.1187,38.9226,45.2301,50.2234,35.9115,35.5221,48.55,44.2348,63.1343,-15.8306
Alcorn St.,310,SWAC,28,13-15,97.8299,112.3305,.1700310,45.6319,51.0223,21.1326,17.3225,34.832,31.9275,38.4118,39.7241,45.3296,48.6157,30.8316,37.0291,34.2208,35.6180,65.6297,-11.3235
Alabama A&M,311,SWAC,28,10-18,99.4274,114.3330,.1680311,46.6300,50.5195,17.6133,17.0246,31.6109,31.7267,38.4118,39.5237,49.0158,51.7289,28.4346,32.144,37.0130,32.477,65.3308,-14.9293
Lafayette,312,Pat,30,6-24,100.1263,115.0335,.1674312,50.5140,52.9300,18.2182,16.7261,22.3340,32.9303,31.6300,35.1127,47.9209,52.5307,36.577,35.7233,38.592,36.4215,69.699,-19.2343
Maryland Eastern Shore,313,MEAC,31,9-22,98.7285,113.5318,.1670313,49.2206,53.0306,23.0348,18.8126,31.4115,29.7168,37.3158,49.5346,49.5131,53.0321,32.4272,35.3203,35.8160,38.5282,67.4211,-15.4299
VMI,314,SC,27,6-21,97.1309,111.7298,.1669314,47.1287,53.0306,18.5200,18.7132,26.3279,34.0320,27.0346,41.4279,45.7282,51.2269,32.5266,37.4305,44.318,37.1247,68.4155,-15.9309
Niagara,315,MAAC,32,7-25,93.9328,108.1238,.1652315,44.9332,49.0118,21.1326,16.9253,32.866,31.3254,34.0245,35.5137,46.2267,46.475,28.2347,35.7233,32.3245,36.3210,65.9282,-19.2342
Robert Morris,316,NEC,32,10-22,91.6340,105.5191,.1635316,46.6300,49.4137,20.4304,22.013,26.1284,34.7333,35.5203,32.986,49.6129,48.9175,27.6349,33.5107,36.2151,35.9196,68.2163,-17.2326
UMass Lowell,317,AE,28,10-18,100.3254,115.8339,.1609317,53.635,54.5336,21.3331,19.295,25.1303,32.9303,33.2265,38.4203,53.225,53.9335,36.2102,37.1297,39.273,35.2165,72.814,-13.1265
Abilene Christian,318,Slnd,27,9-18,97.3305,112.5308,.1584318,50.5140,54.6339,19.2247,19.295,24.5317,27.677,40.385,46.5331,48.4187,54.2339,36.390,36.9286,35.0184,28.29,67.4209,-14.3287
Northern Colorado,319,BSky,29,8-21,102.1210,118.4347,.1552319,50.7131,55.9345,19.9284,17.7198,29.2185,29.8174,43.425,48.4342,48.8166,54.4341,36.484,38.8340,31.9254,39.9311,68.7136,-15.9308
The Citadel,320,SC,29,7-22,102.0213,118.3346,.1541320,48.8224,57.6349,16.990,19.393,26.7268,35.8341,31.1308,44.4316,50.1108,59.8351,31.7299,35.2197,50.53,31.648,81.01,-17.7332
Southeastern Louisiana,321,Slnd,31,10-21,97.2307,112.9314,.1519321,51.1122,52.1284,21.5334,19.1103,29.4182,33.6316,37.0164,41.9287,49.1152,49.5204,36.577,37.5314,35.2175,37.7265,68.1167,-15.7302
American,322,Pat,31,12-19,92.5336,107.7230,.1474322,49.0213,51.6256,22.1344,19.295,23.5328,30.2194,31.7295,40.1250,47.7214,53.7333,34.1192,31.120,38.592,30.222,61.3348,-13.8279
Coppin St.,323,MEAC,29,7-22,96.4312,112.7311,.1431323,44.2341,52.8299,17.7139,18.1174,30.7134,34.8336,37.2161,43.1304,40.6349,51.8291,33.4230,36.7280,37.4116,32.165,70.281,-16.1313
New Orleans,324,Slnd,27,7-20,96.4311,112.7312,.1431324,45.1327,52.9300,19.7276,21.418,34.832,33.5314,43.228,43.0303,43.8333,51.5280,32.5266,37.0291,25.9344,36.6224,71.834,-16.3316
Nicholls St.,325,Slnd,31,8-23,92.3337,108.0234,.1411325,47.1287,50.8207,22.0343,18.2165,25.0304,34.5327,40.483,39.7241,47.7214,49.3198,30.9315,35.9241,37.3117,32.059,68.9127,-16.6319

Northwestern St.,326,Slnd,24,5-19,101.8219,119.2351,.1398326,50.2152,55.1343,19.5265,18.6137,27.3250,38.6350,35.2212,36.1156,49.5131,54.8345,34.3184,37.1297,34.7194,32.059,73.312,-14.3288
Howard,327,MEAC,30,10-20,93.6331,109.6268,.1397327,43.6345,49.2127,20.3300,18.9117,32.673,35.8341,48.52,36.6163,43.4338,48.6157,29.5339,33.5107,26.0343,36.8233,70.561,-16.0310
Bradley,328,MVC,31,4-27,87.0349,102.0129,.1380328,43.0346,49.7162,25.4351,17.0246,24.9307,26.751,38.3124,52.2347,43.9331,48.7163,27.7348,34.5159,37.3117,32.373,67.2228,-17.7333
McNeese St.,329,Slnd,26,7-19,98.2294,115.3338,.1359329,46.7295,52.3290,17.7139,16.1287,28.1225,33.0308,36.2185,37.7186,44.9310,50.8255,33.2243,37.3303,35.1178,30.834,68.3157,-14.0285
Central Arkansas,330,Slnd,28,7-21,100.8240,118.6349,.1328330,49.9166,53.8327,19.7276,15.8307,31.3119,29.8174,41.948,38.7219,47.4224,51.5280,37.252,38.7337,30.0292,35.7185,72.030,-15.8307
Savannah St.,331,MEAC,30,14-16,87.8348,103.5152,.1317331,45.1327,49.5140,21.9341,22.210,25.8292,30.8229,39.892,41.0271,44.2328,48.6157,31.1309,34.2143,38.689,33.8108,66.2270,-11.1230
Presbyterian,332,BSth,28,8-20,93.9327,110.7284,.1310332,47.3280,52.5296,21.0323,19.0108,26.0285,31.4259,34.8224,38.8224,47.7214,53.3327,30.8316,34.2143,28.8316,42.5341,67.5204,-15.6301
Illinois Chicago,333,Horz,28,3-25,90.5343,106.8210,.1305333,41.5351,49.3133,21.1326,15.7312,31.998,30.7224,43.228,39.6238,40.3350,46.683,30.4322,36.4264,24.0350,33.4100,71.352,-19.5344
Lamar,334,Slnd,26,7-19,96.4313,114.0327,.1260334,47.4278,52.0275,20.5309,19.487,33.454,31.9275,42.636,46.6333,46.7250,51.4274,32.6261,35.6225,33.4225,33.8108,71.932,-15.8304
UMBC,335,AE,32,7-25,99.7271,118.1345,.1250335,50.1157,56.6348,17.4117,19.487,24.9307,28.9128,42.242,38.8224,50.499,56.4349,33.1245,38.0322,36.5146,36.7229,69.2112,-20.4348
Southeast Missouri St.,336,OVC,27,3-24,92.1338,109.8271,.1168336,44.1342,54.0330,19.8282,18.5145,28.5210,29.6162,35.7198,31.970,44.6323,55.3347,28.8343,34.7168,29.5304,39.1292,71.054,-19.1341
UTSA,337,CUSA,30,4-26,97.9297,116.9344,.1158337,47.0290,59.0351,18.1176,17.2231,26.0285,27.882,37.4154,46.2328,46.5255,57.2350,32.1283,41.3349,36.4148,37.0241,72.225,-20.3347
North Carolina A&T,338,MEAC,31,10-21,96.3314,115.1336,.1144338,45.8311,51.3241,19.5265,18.2165,29.8164,31.5261,37.0164,48.5343,44.8314,51.7289,31.8296,33.8124,34.6196,41.6335,67.8183,-16.7321
Maine,339,AE,30,8-22,95.6320,114.4331,.1119339,49.2206,55.5344,20.8319,21.025,27.9237,32.3290,32.0290,38.0194,48.3192,55.6348,33.9207,36.9286,35.3172,31.547,76.94,-17.2327
Bryant,340,NEC,30,7-23,94.6325,113.8322,.1063340,47.3280,51.5250,19.9284,16.0294,26.2281,33.5314,26.9347,31.664,46.9245,53.1324,32.0288,32.769,33.8217,40.5318,67.3222,-17.6330
Southern Utah,341,BSky,28,4-24,98.4289,118.5348,.1050341,49.3199,57.7350,18.8223,17.4216,23.9325,31.2245,35.4205,45.0323,46.5255,55.0346,36.484,42.2351,34.5199,32.165,67.9181,-18.4337
Prairie View A&M,342,SWAC,31,7-24,89.4346,107.8232,.1041342,41.8350,50.7203,21.8339,23.44,30.7134,36.3347,36.4184,47.4337,42.1346,53.0321,27.3351,30.612,27.0335,32.784,68.8132,-18.2336
Northern Arizona,343,BSky,28,3-25,93.4332,113.5319,.0963343,45.2325,56.2346,18.1176,17.5210,22.3340,29.6162,36.1187,34.3114,42.3343,53.9335,33.4230,39.9346,37.0130,37.7265,70.377,-18.6340
Mississippi Valley St.,344,SWAC,35,8-27,91.3341,111.7297,.0897344,43.0346,51.0223,18.5200,19.487,27.1257,34.6330,31.3305,35.2132,42.0347,54.5342,30.3327,30.38,27.7328,38.3277,71.349,-21.3350
UT Rio Grande Valley,345,WAC,27,5-22,95.0324,116.3340,.0886345,47.2283,52.1284,17.7139,14.4340,23.0334,35.7338,29.6331,31.159,45.7282,51.9294,33.1245,35.0188,37.3117,30.527,67.6198,-16.8323
Chicago St.,346,WAC,29,1-28,91.8339,113.5316,.0809346,42.6349,54.5336,20.4304,19.0108,29.5178,33.4311,28.1340,43.6309,40.9348,51.8291,30.1331,38.7337,38.982,43.5346,69.5102,-21.0349
Arkansas Pine Bluff,347,SWAC,33,8-25,88.8347,110.3278,.0762347,45.0330,49.2127,23.8350,20.254,27.7243,37.4349,30.1325,53.7348,44.7319,49.6210,30.3327,32.352,38.788,32.784,64.9318,-17.6331
Delaware St.,348,MEAC,30,5-25,89.7345,113.8320,.0608348,44.8333,51.6256,21.1326,19.965,27.2253,38.8351,29.1334,41.3275,42.4342,52.8318,32.4272,33.396,38.494,42.4339,66.2269,-19.9346
Central Connecticut,349,NEC,29,4-25,93.6330,118.9350,.0602349,44.8333,53.4319,19.9284,14.8334,29.9162,30.2194,31.1308,30.654,42.3343,53.2326,34.2189,35.9241,28.2323,32.784,67.5203,-21.8351
Grambling St.,350,SWAC,28,4-24,87.0350,111.2290,.0561350,43.8344,50.8207,21.7337,20.063,24.9307,32.5297,44.214,41.4279,45.3296,51.5280,27.4350,33.185,35.3172,37.0241,66.0277,-19.6345
Florida A&M,351,MEAC,27,6-21,83.8351,107.6226,.0539351,44.8333,50.3192,22.5346,20.349,25.4298,31.2245,42.538,38.5208,44.4324,50.4244,30.4322,33.396,35.1178,35.0156,69.5101,-18.2335

